"Sample","Name","Subject","Description"
"F3D0","F3D0","F3","Pre"
"F3D1","F3D1","F3","Pre"
"F3D2","F3D2","F3","Pre"
"F3D3","F3D3","F3","Pre"
"F3D5","F3D5","F3","Pre"
"F3D6","F3D6","F3","Pre"
"F3D7","F3D7","F3","Pre"
"F3D8","F3D8","F3","Pre"
"F3D9","F3D9","F3","Pre"
"F3D141","F3D141","F3","Post"
"F3D142","F3D142","F3","Post"
"F3D143","F3D143","F3","Post"
"F3D144","F3D144","F3","Post"
"F3D145","F3D145","F3","Post"
"F3D146","F3D146","F3","Post"
"F3D147","F3D147","F3","Post"
"F3D148","F3D148","F3","Post"
"F3D149","F3D149","F3","Post"
"F3D150","F3D150","F3","Post"
